<?xml version="1.0" encoding="UTF-8" ?>
<!DOCTYPE mapper PUBLIC "-//mybatis.org//DTD Mapper 3.0//EN" "http://mybatis.org/dtd/mybatis-3-mapper.dtd" >
<mapper namespace="com.dao.AdminsDao" >
  <resultMap id="BaseResultMap" type="com.entity.Admins" >
    <id column="id" property="id" jdbcType="INTEGER" />
    <result column="username" property="username" jdbcType="VARCHAR" />
    <result column="password" property="password" jdbcType="VARCHAR" />
  </resultMap>
  <sql id="Base_Column_List" >
    id, username, password
  </sql>
  <select id="selectById" resultMap="BaseResultMap" parameterType="java.lang.Integer" >
    select 
    <include refid="Base_Column_List" />
    from admins
    where id = #{id,jdbcType=INTEGER}
  </select>
  <delete id="deleteById" parameterType="java.lang.Integer" >
    delete from admins
    where id = #{id,jdbcType=INTEGER}
  </delete>
  <insert id="insert" parameterType="com.entity.Admins" >
    <selectKey resultType="java.lang.Integer" keyProperty="id" order="AFTER" >
      SELECT LAST_INSERT_ID()
    </selectKey>
    insert into admins (username, password)
    values (#{username,jdbcType=VARCHAR}, #{password,jdbcType=VARCHAR})
  </insert>
  <insert id="insertSelective" parameterType="com.entity.Admins" >
    <selectKey resultType="java.lang.Integer" keyProperty="id" order="AFTER" >
      SELECT LAST_INSERT_ID()
    </selectKey>
    insert into admins
    <trim prefix="(" suffix=")" suffixOverrides="," >
      <if test="username != null" >
        username,
      </if>
      <if test="password != null" >
        password,
      </if>
    </trim>
    <trim prefix="values (" suffix=")" suffixOverrides="," >
      <if test="username != null" >
        #{username,jdbcType=VARCHAR},
      </if>
      <if test="password != null" >
        #{password,jdbcType=VARCHAR},
      </if>
    </trim>
  </insert>
  <update id="updateByIdSelective" parameterType="com.entity.Admins" >
    update admins
    <set >
      <if test="username != null" >
        username = #{username,jdbcType=VARCHAR},
      </if>
      <if test="password != null" >
        password = #{password,jdbcType=VARCHAR},
      </if>
    </set>
    where id = #{id,jdbcType=INTEGER}
  </update>
  <update id="updateById" parameterType="com.entity.Admins" >
    update admins
    set username = #{username,jdbcType=VARCHAR},
      password = #{password,jdbcType=VARCHAR}
    where id = #{id,jdbcType=INTEGER}
  </update>
</mapper>