<?xml version="1.0" encoding="UTF-8" ?>
<!DOCTYPE mapper PUBLIC "-//mybatis.org//DTD Mapper 3.0//EN" "http://mybatis.org/dtd/mybatis-3-mapper.dtd" >
<mapper namespace="com.dao.GoodsDao" >
  <resultMap id="BaseResultMap" type="com.entity.Goods" >
    <id column="id" property="id" jdbcType="INTEGER" />
    <result column="name" property="name" jdbcType="VARCHAR" />
    <result column="cover" property="cover" jdbcType="VARCHAR" />
    <result column="image1" property="image1" jdbcType="VARCHAR" />
    <result column="image2" property="image2" jdbcType="VARCHAR" />
    <result column="price" property="price" jdbcType="INTEGER" />
    <result column="intro" property="intro" jdbcType="VARCHAR" />
    <result column="stock" property="stock" jdbcType="INTEGER" />
    <result column="type_id" property="typeId" jdbcType="INTEGER" />
  </resultMap>
  <sql id="Base_Column_List" >
    id, name, cover, image1, image2, price, intro, stock, type_id
  </sql>
  <select id="selectById" resultMap="BaseResultMap" parameterType="java.lang.Integer" >
    select 
    <include refid="Base_Column_List" />
    from goods
    where id = #{id,jdbcType=INTEGER}
  </select>
  <delete id="deleteById" parameterType="java.lang.Integer" >
    delete from goods
    where id = #{id,jdbcType=INTEGER}
  </delete>
  <insert id="insert" parameterType="com.entity.Goods" >
    <selectKey resultType="java.lang.Integer" keyProperty="id" order="AFTER" >
      SELECT LAST_INSERT_ID()
    </selectKey>
    insert into goods (name, cover, image1, 
      image2, price, intro, 
      stock, type_id)
    values (#{name,jdbcType=VARCHAR}, #{cover,jdbcType=VARCHAR}, #{image1,jdbcType=VARCHAR}, 
      #{image2,jdbcType=VARCHAR}, #{price,jdbcType=INTEGER}, #{intro,jdbcType=VARCHAR}, 
      #{stock,jdbcType=INTEGER}, #{typeId,jdbcType=INTEGER})
  </insert>
  <insert id="insertSelective" parameterType="com.entity.Goods" >
    <selectKey resultType="java.lang.Integer" keyProperty="id" order="AFTER" >
      SELECT LAST_INSERT_ID()
    </selectKey>
    insert into goods
    <trim prefix="(" suffix=")" suffixOverrides="," >
      <if test="name != null" >
        name,
      </if>
      <if test="cover != null" >
        cover,
      </if>
      <if test="image1 != null" >
        image1,
      </if>
      <if test="image2 != null" >
        image2,
      </if>
      <if test="price != null" >
        price,
      </if>
      <if test="intro != null" >
        intro,
      </if>
      <if test="stock != null" >
        stock,
      </if>
      <if test="typeId != null" >
        type_id,
      </if>
    </trim>
    <trim prefix="values (" suffix=")" suffixOverrides="," >
      <if test="name != null" >
        #{name,jdbcType=VARCHAR},
      </if>
      <if test="cover != null" >
        #{cover,jdbcType=VARCHAR},
      </if>
      <if test="image1 != null" >
        #{image1,jdbcType=VARCHAR},
      </if>
      <if test="image2 != null" >
        #{image2,jdbcType=VARCHAR},
      </if>
      <if test="price != null" >
        #{price,jdbcType=INTEGER},
      </if>
      <if test="intro != null" >
        #{intro,jdbcType=VARCHAR},
      </if>
      <if test="stock != null" >
        #{stock,jdbcType=INTEGER},
      </if>
      <if test="typeId != null" >
        #{typeId,jdbcType=INTEGER},
      </if>
    </trim>
  </insert>
  <update id="updateByIdSelective" parameterType="com.entity.Goods" >
    update goods
    <set >
      <if test="name != null" >
        name = #{name,jdbcType=VARCHAR},
      </if>
      <if test="cover != null" >
        cover = #{cover,jdbcType=VARCHAR},
      </if>
      <if test="image1 != null" >
        image1 = #{image1,jdbcType=VARCHAR},
      </if>
      <if test="image2 != null" >
        image2 = #{image2,jdbcType=VARCHAR},
      </if>
      <if test="price != null" >
        price = #{price,jdbcType=INTEGER},
      </if>
      <if test="intro != null" >
        intro = #{intro,jdbcType=VARCHAR},
      </if>
      <if test="stock != null" >
        stock = #{stock,jdbcType=INTEGER},
      </if>
      <if test="typeId != null" >
        type_id = #{typeId,jdbcType=INTEGER},
      </if>
    </set>
    where id = #{id,jdbcType=INTEGER}
  </update>
  <update id="updateById" parameterType="com.entity.Goods" >
    update goods
    set name = #{name,jdbcType=VARCHAR},
      cover = #{cover,jdbcType=VARCHAR},
      image1 = #{image1,jdbcType=VARCHAR},
      image2 = #{image2,jdbcType=VARCHAR},
      price = #{price,jdbcType=INTEGER},
      intro = #{intro,jdbcType=VARCHAR},
      stock = #{stock,jdbcType=INTEGER},
      type_id = #{typeId,jdbcType=INTEGER}
    where id = #{id,jdbcType=INTEGER}
  </update>
</mapper>