<?xml version="1.0" encoding="UTF-8" ?>
<!DOCTYPE mapper PUBLIC "-//mybatis.org//DTD Mapper 3.0//EN" "http://mybatis.org/dtd/mybatis-3-mapper.dtd" >
<mapper namespace="com.dao.ItemsDao" >
  <resultMap id="BaseResultMap" type="com.entity.Items" >
    <id column="id" property="id" jdbcType="INTEGER" />
    <result column="price" property="price" jdbcType="INTEGER" />
    <result column="amount" property="amount" jdbcType="INTEGER" />
    <result column="order_id" property="orderId" jdbcType="INTEGER" />
    <result column="good_id" property="goodId" jdbcType="INTEGER" />
  </resultMap>
  <sql id="Base_Column_List" >
    id, price, amount, order_id, good_id
  </sql>
  <select id="selectById" resultMap="BaseResultMap" parameterType="java.lang.Integer" >
    select 
    <include refid="Base_Column_List" />
    from items
    where id = #{id,jdbcType=INTEGER}
  </select>
  <delete id="deleteById" parameterType="java.lang.Integer" >
    delete from items
    where id = #{id,jdbcType=INTEGER}
  </delete>
  <insert id="insert" parameterType="com.entity.Items" >
    <selectKey resultType="java.lang.Integer" keyProperty="id" order="AFTER" >
      SELECT LAST_INSERT_ID()
    </selectKey>
    insert into items (price, amount, order_id, 
      good_id)
    values (#{price,jdbcType=INTEGER}, #{amount,jdbcType=INTEGER}, #{orderId,jdbcType=INTEGER}, 
      #{goodId,jdbcType=INTEGER})
  </insert>
  <insert id="insertSelective" parameterType="com.entity.Items" >
    <selectKey resultType="java.lang.Integer" keyProperty="id" order="AFTER" >
      SELECT LAST_INSERT_ID()
    </selectKey>
    insert into items
    <trim prefix="(" suffix=")" suffixOverrides="," >
      <if test="price != null" >
        price,
      </if>
      <if test="amount != null" >
        amount,
      </if>
      <if test="orderId != null" >
        order_id,
      </if>
      <if test="goodId != null" >
        good_id,
      </if>
    </trim>
    <trim prefix="values (" suffix=")" suffixOverrides="," >
      <if test="price != null" >
        #{price,jdbcType=INTEGER},
      </if>
      <if test="amount != null" >
        #{amount,jdbcType=INTEGER},
      </if>
      <if test="orderId != null" >
        #{orderId,jdbcType=INTEGER},
      </if>
      <if test="goodId != null" >
        #{goodId,jdbcType=INTEGER},
      </if>
    </trim>
  </insert>
  <update id="updateByIdSelective" parameterType="com.entity.Items" >
    update items
    <set >
      <if test="price != null" >
        price = #{price,jdbcType=INTEGER},
      </if>
      <if test="amount != null" >
        amount = #{amount,jdbcType=INTEGER},
      </if>
      <if test="orderId != null" >
        order_id = #{orderId,jdbcType=INTEGER},
      </if>
      <if test="goodId != null" >
        good_id = #{goodId,jdbcType=INTEGER},
      </if>
    </set>
    where id = #{id,jdbcType=INTEGER}
  </update>
  <update id="updateById" parameterType="com.entity.Items" >
    update items
    set price = #{price,jdbcType=INTEGER},
      amount = #{amount,jdbcType=INTEGER},
      order_id = #{orderId,jdbcType=INTEGER},
      good_id = #{goodId,jdbcType=INTEGER}
    where id = #{id,jdbcType=INTEGER}
  </update>
</mapper>