<?xml version="1.0" encoding="UTF-8" ?>
<!DOCTYPE mapper PUBLIC "-//mybatis.org//DTD Mapper 3.0//EN" "http://mybatis.org/dtd/mybatis-3-mapper.dtd" >
<mapper namespace="com.dao.OrdersDao" >
  <resultMap id="BaseResultMap" type="com.entity.Orders" >
    <id column="id" property="id" jdbcType="INTEGER" />
    <result column="total" property="total" jdbcType="INTEGER" />
    <result column="amount" property="amount" jdbcType="INTEGER" />
    <result column="status" property="status" jdbcType="TINYINT" />
    <result column="paytype" property="paytype" jdbcType="TINYINT" />
    <result column="name" property="name" jdbcType="VARCHAR" />
    <result column="phone" property="phone" jdbcType="VARCHAR" />
    <result column="address" property="address" jdbcType="VARCHAR" />
    <result column="systime" property="systime" jdbcType="TIMESTAMP" />
    <result column="user_id" property="userId" jdbcType="INTEGER" />
  </resultMap>
  <sql id="Base_Column_List" >
    id, total, amount, status, paytype, name, phone, address, systime, user_id
  </sql>
  <select id="selectById" resultMap="BaseResultMap" parameterType="java.lang.Integer" >
    select 
    <include refid="Base_Column_List" />
    from orders
    where id = #{id,jdbcType=INTEGER}
  </select>
  <delete id="deleteById" parameterType="java.lang.Integer" >
    delete from orders
    where id = #{id,jdbcType=INTEGER}
  </delete>
  <insert id="insert" parameterType="com.entity.Orders" >
    <selectKey resultType="java.lang.Integer" keyProperty="id" order="AFTER" >
      SELECT LAST_INSERT_ID()
    </selectKey>
    insert into orders (total, amount, status, 
      paytype, name, phone, 
      address, systime, user_id
      )
    values (#{total,jdbcType=INTEGER}, #{amount,jdbcType=INTEGER}, #{status,jdbcType=TINYINT}, 
      #{paytype,jdbcType=TINYINT}, #{name,jdbcType=VARCHAR}, #{phone,jdbcType=VARCHAR}, 
      #{address,jdbcType=VARCHAR}, #{systime,jdbcType=TIMESTAMP}, #{userId,jdbcType=INTEGER}
      )
  </insert>
  <insert id="insertSelective" parameterType="com.entity.Orders" >
    <selectKey resultType="java.lang.Integer" keyProperty="id" order="AFTER" >
      SELECT LAST_INSERT_ID()
    </selectKey>
    insert into orders
    <trim prefix="(" suffix=")" suffixOverrides="," >
      <if test="total != null" >
        total,
      </if>
      <if test="amount != null" >
        amount,
      </if>
      <if test="status != null" >
        status,
      </if>
      <if test="paytype != null" >
        paytype,
      </if>
      <if test="name != null" >
        name,
      </if>
      <if test="phone != null" >
        phone,
      </if>
      <if test="address != null" >
        address,
      </if>
      <if test="systime != null" >
        systime,
      </if>
      <if test="userId != null" >
        user_id,
      </if>
    </trim>
    <trim prefix="values (" suffix=")" suffixOverrides="," >
      <if test="total != null" >
        #{total,jdbcType=INTEGER},
      </if>
      <if test="amount != null" >
        #{amount,jdbcType=INTEGER},
      </if>
      <if test="status != null" >
        #{status,jdbcType=TINYINT},
      </if>
      <if test="paytype != null" >
        #{paytype,jdbcType=TINYINT},
      </if>
      <if test="name != null" >
        #{name,jdbcType=VARCHAR},
      </if>
      <if test="phone != null" >
        #{phone,jdbcType=VARCHAR},
      </if>
      <if test="address != null" >
        #{address,jdbcType=VARCHAR},
      </if>
      <if test="systime != null" >
        #{systime,jdbcType=TIMESTAMP},
      </if>
      <if test="userId != null" >
        #{userId,jdbcType=INTEGER},
      </if>
    </trim>
  </insert>
  <update id="updateByIdSelective" parameterType="com.entity.Orders" >
    update orders
    <set >
      <if test="total != null" >
        total = #{total,jdbcType=INTEGER},
      </if>
      <if test="amount != null" >
        amount = #{amount,jdbcType=INTEGER},
      </if>
      <if test="status != null" >
        status = #{status,jdbcType=TINYINT},
      </if>
      <if test="paytype != null" >
        paytype = #{paytype,jdbcType=TINYINT},
      </if>
      <if test="name != null" >
        name = #{name,jdbcType=VARCHAR},
      </if>
      <if test="phone != null" >
        phone = #{phone,jdbcType=VARCHAR},
      </if>
      <if test="address != null" >
        address = #{address,jdbcType=VARCHAR},
      </if>
      <if test="systime != null" >
        systime = #{systime,jdbcType=TIMESTAMP},
      </if>
      <if test="userId != null" >
        user_id = #{userId,jdbcType=INTEGER},
      </if>
    </set>
    where id = #{id,jdbcType=INTEGER}
  </update>
  <update id="updateById" parameterType="com.entity.Orders" >
    update orders
    set total = #{total,jdbcType=INTEGER},
      amount = #{amount,jdbcType=INTEGER},
      status = #{status,jdbcType=TINYINT},
      paytype = #{paytype,jdbcType=TINYINT},
      name = #{name,jdbcType=VARCHAR},
      phone = #{phone,jdbcType=VARCHAR},
      address = #{address,jdbcType=VARCHAR},
      systime = #{systime,jdbcType=TIMESTAMP},
      user_id = #{userId,jdbcType=INTEGER}
    where id = #{id,jdbcType=INTEGER}
  </update>
</mapper>