<?xml version="1.0" encoding="UTF-8" ?>
<!DOCTYPE mapper PUBLIC "-//mybatis.org//DTD Mapper 3.0//EN" "http://mybatis.org/dtd/mybatis-3-mapper.dtd" >
<mapper namespace="com.dao.TopsDao" >
  <resultMap id="BaseResultMap" type="com.entity.Tops" >
    <id column="id" property="id" jdbcType="INTEGER" />
    <result column="type" property="type" jdbcType="TINYINT" />
    <result column="good_id" property="goodId" jdbcType="INTEGER" />
  </resultMap>
  <sql id="Base_Column_List" >
    id, type, good_id
  </sql>
  <select id="selectById" resultMap="BaseResultMap" parameterType="java.lang.Integer" >
    select 
    <include refid="Base_Column_List" />
    from tops
    where id = #{id,jdbcType=INTEGER}
  </select>
  <delete id="deleteById" parameterType="java.lang.Integer" >
    delete from tops
    where id = #{id,jdbcType=INTEGER}
  </delete>
  <insert id="insert" parameterType="com.entity.Tops" >
    <selectKey resultType="java.lang.Integer" keyProperty="id" order="AFTER" >
      SELECT LAST_INSERT_ID()
    </selectKey>
    insert into tops (type, good_id)
    values (#{type,jdbcType=TINYINT}, #{goodId,jdbcType=INTEGER})
  </insert>
  <insert id="insertSelective" parameterType="com.entity.Tops" >
    <selectKey resultType="java.lang.Integer" keyProperty="id" order="AFTER" >
      SELECT LAST_INSERT_ID()
    </selectKey>
    insert into tops
    <trim prefix="(" suffix=")" suffixOverrides="," >
      <if test="type != null" >
        type,
      </if>
      <if test="goodId != null" >
        good_id,
      </if>
    </trim>
    <trim prefix="values (" suffix=")" suffixOverrides="," >
      <if test="type != null" >
        #{type,jdbcType=TINYINT},
      </if>
      <if test="goodId != null" >
        #{goodId,jdbcType=INTEGER},
      </if>
    </trim>
  </insert>
  <update id="updateByIdSelective" parameterType="com.entity.Tops" >
    update tops
    <set >
      <if test="type != null" >
        type = #{type,jdbcType=TINYINT},
      </if>
      <if test="goodId != null" >
        good_id = #{goodId,jdbcType=INTEGER},
      </if>
    </set>
    where id = #{id,jdbcType=INTEGER}
  </update>
  <update id="updateById" parameterType="com.entity.Tops" >
    update tops
    set type = #{type,jdbcType=TINYINT},
      good_id = #{goodId,jdbcType=INTEGER}
    where id = #{id,jdbcType=INTEGER}
  </update>
</mapper>